wid,model,fold,train_nll,test_nll
51,Breadth,1,470.3806809,122.2362415
51,Breadth,2,461.69208,99.45229317
51,Breadth,3,491.2154714,125.9397232
51,Breadth,4,485.8559279,122.9612646
51,Breadth,5,481.5410511,122.6832171
510,Breadth,1,497.2421484,121.969572
510,Breadth,2,523.7258732,142.1931137
510,Breadth,3,529.0043011,129.7880295
510,Breadth,4,504.1262999,128.1291052
510,Breadth,5,541.2248477,128.7866695
512,Breadth,1,461.8116733,112.0330499
512,Breadth,2,403.6574277,98.04871154
512,Breadth,3,473.0995704,104.6568735
512,Breadth,4,423.0642046,100.7520435
512,Breadth,5,464.8905082,120.2635373
513,Breadth,1,435.1047142,99.74515446
513,Breadth,2,385.9482031,97.27022149
513,Breadth,3,389.6313898,100.5095853
513,Breadth,4,486.2754492,125.9988347
513,Breadth,5,410.4277253,88.7746982
52,Breadth,1,522.7501524,139.2380589
52,Breadth,2,511.6833196,133.9912055
52,Breadth,3,543.726019,120.9608598
52,Breadth,4,513.0421532,139.709902
52,Breadth,5,506.7597373,119.0112182
53,Breadth,1,493.1183453,110.2732243
53,Breadth,2,503.4007489,119.9113392
53,Breadth,3,456.4187751,125.0578147
53,Breadth,4,510.0244497,111.7127592
53,Breadth,5,476.3336436,117.4434493
54,Breadth,1,468.0140022,140.0908971
54,Breadth,2,516.2523169,135.6962822
54,Breadth,3,475.1185169,106.4053053
54,Breadth,4,476.2859628,107.8943496
54,Breadth,5,478.1473126,125.6473664
55,Breadth,1,487.054191,142.0031769
55,Breadth,2,476.4031592,118.0448086
55,Breadth,3,482.915997,121.797965
55,Breadth,4,490.7363588,130.189276
55,Breadth,5,483.4031031,134.4717279
56,Breadth,1,402.121615,100.2609118
56,Breadth,2,428.5429237,96.89524142
56,Breadth,3,408.5212052,90.8764451
56,Breadth,4,453.5666031,137.6397119
56,Breadth,5,438.1510311,103.8016426
57,Breadth,1,317.4787934,86.61996059
57,Breadth,2,386.4932737,93.20052416
57,Breadth,3,382.3518335,88.66227934
57,Breadth,4,396.5253146,89.82824749
57,Breadth,5,410.6239495,92.31987146
58,Breadth,1,403.8521747,111.2765264
58,Breadth,2,412.5195311,89.21580029
58,Breadth,3,438.8964568,104.6149129
58,Breadth,4,405.1488755,93.9334873
58,Breadth,5,419.4893121,100.8097762
59,Breadth,1,485.0551809,134.7083765
59,Breadth,2,485.0842505,129.2289693
59,Breadth,3,485.0811612,129.4977283
59,Breadth,4,494.8756042,120.053801
59,Breadth,5,435.6104526,96.42588129
61,Breadth,1,17.23873029,2.4184845
61,Breadth,2,53.66175278,13.95222838
61,Breadth,3,24.49189885,8.06181029
61,Breadth,4,31.71830838,6.97466205
61,Breadth,5,37.00582726,8.4214121
610,Breadth,1,143.4638168,33.86230639
610,Breadth,2,139.2450485,30.69513422
610,Breadth,3,123.9512762,38.19499083
610,Breadth,4,147.5688584,31.53569394
610,Breadth,5,135.6798467,25.35814929
611,Breadth,1,121.844032,27.74319207
611,Breadth,2,107.6333788,23.60046137
611,Breadth,3,154.5831547,42.50627377
611,Breadth,4,153.5890145,29.67114948
611,Breadth,5,138.6220813,38.74708524
612,Breadth,1,97.4918696,17.48776015
612,Breadth,2,61.34618574,21.70682382
612,Breadth,3,69.91274605,14.67813724
612,Breadth,4,103.8532371,24.69079426
612,Breadth,5,145.4806942,39.53436812
613,Breadth,1,83.07882008,19.79986621
613,Breadth,2,110.1166292,17.11316047
613,Breadth,3,103.3216272,21.17770547
613,Breadth,4,94.52660338,16.50195727
613,Breadth,5,75.87815748,21.24836587
62,Breadth,1,160.4153624,40.43219059
62,Breadth,2,182.432413,46.0092832
62,Breadth,3,224.3732249,48.95420335
62,Breadth,4,205.1150531,35.87322456
62,Breadth,5,185.0729974,34.06128234
63,Breadth,1,136.6728598,37.45104818
63,Breadth,2,193.4004853,34.01698657
63,Breadth,3,159.7927966,38.94147433
63,Breadth,4,143.4315149,44.23834158
63,Breadth,5,100.4395792,21.61095807
64,Breadth,1,164.6537371,37.27070718
64,Breadth,2,137.4361288,25.64368183
64,Breadth,3,194.4244977,45.62674356
64,Breadth,4,147.5627741,37.60417655
64,Breadth,5,142.6854333,28.0018489
65,Breadth,1,118.844459,22.84874243
65,Breadth,2,110.64523,28.8037943
65,Breadth,3,114.3537343,27.46297226
65,Breadth,4,147.7404461,31.18475934
65,Breadth,5,141.9676105,31.89998276
66,Breadth,1,191.9590013,48.02026176
66,Breadth,2,152.4722449,29.96548589
66,Breadth,3,118.8718493,31.2501596
66,Breadth,4,129.5221656,40.65316576
66,Breadth,5,142.1708804,34.6587695
67,Breadth,1,142.2741605,30.79616086
67,Breadth,2,156.1843972,62.37467256
67,Breadth,3,135.0944672,29.40216727
67,Breadth,4,135.0509283,31.15284582
67,Breadth,5,129.7842874,26.21811094
68,Breadth,1,135.0143667,30.85805343
68,Breadth,2,113.5020593,28.45173369
68,Breadth,3,94.5997896,24.79873821
68,Breadth,4,132.5950233,36.64040149
68,Breadth,5,109.1345347,29.82169216
69,Breadth,1,100.4797837,24.30766946
69,Breadth,2,118.2962514,34.74235534
69,Breadth,3,116.0111716,36.69001973
69,Breadth,4,77.77092097,20.66144731
69,Breadth,5,100.8481035,18.72280141
71,Breadth,1,104.2143706,26.70068594
71,Breadth,2,119.9717961,25.32481275
71,Breadth,3,93.62730469,18.78067223
71,Breadth,4,117.0297902,40.90287007
71,Breadth,5,104.5191298,32.75815585
710,Breadth,1,70.93255196,14.38973908
710,Breadth,2,106.5421078,22.00960911
710,Breadth,3,74.73388154,15.01001823
710,Breadth,4,72.38115479,18.86277566
710,Breadth,5,59.78300326,9.94872747
711,Breadth,1,101.5549089,24.99834245
711,Breadth,2,104.60779,17.65217624
711,Breadth,3,99.30594464,30.31237958
711,Breadth,4,80.50549959,17.74748727
711,Breadth,5,115.6737769,20.3938405
712,Breadth,1,98.90687118,24.16655235
712,Breadth,2,135.2017974,51.95927078
712,Breadth,3,86.95112642,26.89533041
712,Breadth,4,129.2842542,35.54681719
712,Breadth,5,125.6603582,52.01690232
713,Breadth,1,151.1373864,27.40027964
713,Breadth,2,139.4843801,45.65939416
713,Breadth,3,166.8797864,43.46672576
713,Breadth,4,122.4010932,29.27908506
713,Breadth,5,156.8283356,43.18306946
72,Breadth,1,136.4120169,30.35812296
72,Breadth,2,115.1643213,30.22630366
72,Breadth,3,91.04228059,26.84023861
72,Breadth,4,77.99623681,21.08345318
72,Breadth,5,117.3991762,21.48907707
73,Breadth,1,162.9981549,28.1333492
73,Breadth,2,118.1061553,25.40202695
73,Breadth,3,157.3462083,38.07058951
73,Breadth,4,153.2412749,37.92773072
73,Breadth,5,110.0577301,30.84335851
74,Breadth,1,90.23756771,29.50273347
74,Breadth,2,104.4260113,27.83369979
74,Breadth,3,95.09844077,27.26016511
74,Breadth,4,129.8238143,31.29641921
74,Breadth,5,94.90003082,22.46551513
75,Breadth,1,86.87834577,22.75835197
75,Breadth,2,135.4400128,32.30251447
75,Breadth,3,82.0202858,30.46192686
75,Breadth,4,93.15133674,19.85187502
75,Breadth,5,75.66798268,13.47009819
76,Breadth,1,82.40105064,22.01205161
76,Breadth,2,64.15145153,7.58931226
76,Breadth,3,126.9419758,19.33026195
76,Breadth,4,99.08729547,20.95627053
76,Breadth,5,108.7247036,34.33004556
77,Breadth,1,110.2904423,22.5087479
77,Breadth,2,85.38614555,22.21455612
77,Breadth,3,108.3630343,23.18112096
77,Breadth,4,73.83702286,16.33441437
77,Breadth,5,62.98173498,11.62895601
78,Breadth,1,105.3642366,28.18482152
78,Breadth,2,142.6491294,32.33106271
78,Breadth,3,91.12172754,24.71349346
78,Breadth,4,66.67532143,15.25852946
78,Breadth,5,41.83970406,13.81483472
79,Breadth,1,97.2704428,17.35595573
79,Breadth,2,22.49476322,5.88256031
79,Breadth,3,60.01010186,15.69340878
79,Breadth,4,68.07203569,12.32642404
79,Breadth,5,70.03501825,18.49787752
81,Breadth,1,426.8217369,100.8503652
81,Breadth,2,399.4129395,90.42338939
81,Breadth,3,403.6932949,113.5043031
81,Breadth,4,460.796129,117.2544539
81,Breadth,5,413.3354402,98.58612624
810,Breadth,1,259.9181787,72.08620299
810,Breadth,2,289.678128,79.41475903
810,Breadth,3,239.5392562,60.83489899
810,Breadth,4,225.0632834,67.5777106
810,Breadth,5,279.5858405,68.73992491
811,Breadth,1,342.6357443,97.64034592
811,Breadth,2,270.7583286,65.08622728
811,Breadth,3,291.5496988,56.70112567
811,Breadth,4,288.7910761,79.93313055
811,Breadth,5,303.5948577,63.39682493
812,Breadth,1,414.3384697,101.1680644
812,Breadth,2,469.5155159,114.4880724
812,Breadth,3,407.2707412,106.7108172
812,Breadth,4,426.2888885,96.97718746
812,Breadth,5,460.0884769,125.2595383
813,Breadth,1,427.7628275,99.72998686
813,Breadth,2,416.2690748,87.76189077
813,Breadth,3,459.9736045,120.4471467
813,Breadth,4,407.4675266,112.1076582
813,Breadth,5,421.8086959,105.4753306
82,Breadth,1,540.2031337,128.8418034
82,Breadth,2,558.1315066,151.1924047
82,Breadth,3,494.970759,127.3603955
82,Breadth,4,475.0622889,129.1019727
82,Breadth,5,471.7052721,97.98916093
83,Breadth,1,422.1391084,99.25922097
83,Breadth,2,453.0153944,127.9116822
83,Breadth,3,461.5716674,110.1153259
83,Breadth,4,446.8375946,96.86679351
83,Breadth,5,458.8464408,127.8412603
84,Breadth,1,364.1020147,90.91028651
84,Breadth,2,384.5330281,105.2093462
84,Breadth,3,374.2138405,87.13589794
84,Breadth,4,409.389188,99.3483275
84,Breadth,5,421.6531746,120.7190249
85,Breadth,1,323.158378,95.53238594
85,Breadth,2,305.8617844,85.07383953
85,Breadth,3,308.5381249,92.54678514
85,Breadth,4,265.9359777,78.58561809
85,Breadth,5,317.0960605,81.11864778
86,Breadth,1,430.0514763,120.437435
86,Breadth,2,476.5757442,105.9668461
86,Breadth,3,435.8245666,101.4284622
86,Breadth,4,441.1663994,110.4319567
86,Breadth,5,433.8816821,119.2363292
87,Breadth,1,546.856893,118.9338007
87,Breadth,2,510.9412996,139.4845136
87,Breadth,3,497.546897,120.9974041
87,Breadth,4,482.7767042,97.13337199
87,Breadth,5,504.4748136,127.2655864
88,Breadth,1,298.8116724,79.06438852
88,Breadth,2,305.753992,86.95333946
88,Breadth,3,295.5342379,57.2133599
88,Breadth,4,287.9700649,77.42839704
88,Breadth,5,288.3919989,66.14861439
89,Breadth,1,250.5580054,61.56850881
89,Breadth,2,278.1709735,77.20872141
89,Breadth,3,238.9794994,70.79975121
89,Breadth,4,207.4390079,66.33662029
89,Breadth,5,251.1050609,68.80478744
,,,,16760.16394
