wid,model,nll,β_depthlim,β_satisfice,θ_prune,β_best_next,β_prune,θ_depthlim,ε,θ_prob_better,β_depth,β_prob_best,β_prob_better,β_expand,β_best,θ_term
51,Depth,458.6835294777822,100000.0,0.0,-1.0e10,0.0,100000.0,1.0e10,0.07636093028548638,0.0,3.4212845851141993,0.0,0.0,0.0,0.0,-105.37396830193227
510,Depth,559.7579814402511,100000.0,0.0,-1.0e10,0.0,100000.0,1.0e10,0.29932035727691453,0.0,9.663960342243671e-200,0.0,0.0,0.0,0.0,-32.92178214558119
512,Depth,405.6173471941195,100000.0,0.0,-1.0e10,0.0,100000.0,1.0e10,0.1212005309307976,0.0,4.447849828341843,0.0,0.0,0.0,0.0,-47.20010630568505
513,Depth,372.0794947346239,100000.0,0.0,-1.0e10,0.0,100000.0,1.0e10,0.10105606209409183,0.0,4.202364996645752,0.0,0.0,0.0,0.0,-4.375856126446455
52,Depth,533.8437417496938,100000.0,0.0,-1.0e10,0.0,100000.0,1.0e10,0.10588668283514642,0.0,2.2076278208455204,0.0,0.0,0.0,0.0,-55.84138858927149
53,Depth,460.7859228547539,100000.0,0.0,-1.0e10,0.0,100000.0,1.0e10,0.04433040474609592,0.0,3.620009020277999,0.0,0.0,0.0,0.0,-58.563651546962106
54,Depth,483.8076270359476,100000.0,0.0,-1.0e10,0.0,100000.0,1.0e10,0.06219008030802715,0.0,3.21451921346616,0.0,0.0,0.0,0.0,-90.7439483061366
55,Depth,460.66789743940313,100000.0,0.0,-1.0e10,0.0,100000.0,1.0e10,0.05210915664296956,0.0,3.4095731883180145,0.0,0.0,0.0,0.0,-52.84459202461413
56,Depth,453.8605797849047,100000.0,0.0,-1.0e10,0.0,100000.0,1.0e10,0.3943893502672768,0.0,0.8317216725704822,0.0,0.0,0.0,0.0,-34.086509678536316
57,Depth,412.75075650637206,100000.0,0.0,-1.0e10,0.0,100000.0,1.0e10,0.4626721211358195,0.0,0.9063560429054878,0.0,0.0,0.0,0.0,-62.264149693472085
58,Depth,446.30335379830433,100000.0,0.0,-1.0e10,0.0,100000.0,1.0e10,0.40236155119804584,0.0,0.9089033897087694,0.0,0.0,0.0,0.0,-35.06175248412417
59,Depth,511.39798976105607,100000.0,0.0,-1.0e10,0.0,100000.0,1.0e10,0.37916196316472006,0.0,1.4265944499410967,0.0,0.0,0.0,0.0,-67.90651779782006
61,Depth,48.44913874817222,100000.0,0.0,-1.0e10,0.0,100000.0,1.0e10,0.4838709677427501,0.0,1.070490662611695e-35,0.0,0.0,0.0,0.0,-349.0781272647855
610,Depth,134.57673950410447,100000.0,0.0,-1.0e10,0.0,100000.0,1.0e10,0.8279602916711617,0.0,10.508781923865987,0.0,0.0,0.0,0.0,1.083042385725439
611,Depth,175.14513877250366,100000.0,0.0,-1.0e10,0.0,100000.0,1.0e10,0.9633027456020856,0.0,4.513547364969046e-9,0.0,0.0,0.0,0.0,15.721454363856566
612,Depth,111.64696263971292,100000.0,0.0,-1.0e10,0.0,100000.0,1.0e10,0.8159722222225786,0.0,0.09666167265978437,0.0,0.0,0.0,0.0,57.360772499392446
613,Depth,105.52190555843828,100000.0,0.0,-1.0e10,0.0,100000.0,1.0e10,0.6712433302482087,0.0,126.84661084816825,0.0,0.0,0.0,0.0,0.8176416607660023
62,Depth,185.05489091755803,100000.0,0.0,-1.0e10,0.0,100000.0,1.0e10,0.31998368136981165,0.0,17.54738160531679,0.0,0.0,0.0,0.0,-1.7625434111558087
63,Depth,177.84336902512007,100000.0,0.0,-1.0e10,0.0,100000.0,1.0e10,0.46424278752171294,0.0,407.85518440369015,0.0,0.0,0.0,0.0,-1.4419038313203607
64,Depth,183.0225070738511,100000.0,0.0,-1.0e10,0.0,100000.0,1.0e10,0.5666653464331585,0.0,176.443473101617,0.0,0.0,0.0,0.0,-1.3631916011956675
65,Depth,172.99071667610613,100000.0,0.0,-1.0e10,0.0,100000.0,1.0e10,0.1572564618228807,0.0,4.945377433258767,0.0,0.0,0.0,0.0,-1.248849786137916
66,Depth,197.9568145691353,100000.0,0.0,-1.0e10,0.0,100000.0,1.0e10,0.9959349626999157,0.0,6.2031058652752674e-6,0.0,0.0,0.0,0.0,20.522967846371667
67,Depth,173.49693843354385,100000.0,0.0,-1.0e10,0.0,100000.0,1.0e10,0.9606481481502904,0.0,0.11301734626273985,0.0,0.0,0.0,0.0,34.09320699290573
68,Depth,151.7923474152835,100000.0,0.0,-1.0e10,0.0,100000.0,1.0e10,0.9210526340664074,0.0,0.0017506347014697777,0.0,0.0,0.0,0.0,28.33643353502906
69,Depth,151.40875681355425,100000.0,0.0,-1.0e10,0.0,100000.0,1.0e10,0.9078947402844778,0.0,0.009210541124177867,0.0,0.0,0.0,0.0,50.822680585811526
71,Depth,163.54697965678835,100000.0,0.0,-1.0e10,0.0,100000.0,1.0e10,0.943574454710372,0.0,1.129957810337257e-15,0.0,0.0,0.0,0.0,7.192840455177576
710,Depth,74.31736333320146,100000.0,0.0,-1.0e10,0.0,100000.0,1.0e10,0.06711761794309226,0.0,10.062759645599652,0.0,0.0,0.0,0.0,-0.03502023833428564
711,Depth,108.00620553248065,100000.0,0.0,-1.0e10,0.0,100000.0,1.0e10,0.8035714285714646,0.0,0.3109821789417238,0.0,0.0,0.0,0.0,34.622931192039054
712,Depth,120.62375527302856,100000.0,0.0,-1.0e10,0.0,100000.0,1.0e10,0.8441558441558806,0.0,0.4999506652144631,0.0,0.0,0.0,0.0,41.059432178300305
713,Depth,136.4026221698378,100000.0,0.0,-1.0e10,0.0,100000.0,1.0e10,0.8866279069868473,0.0,0.002496340664948108,0.0,0.0,0.0,0.0,48.324427236035525
72,Depth,134.67044911383906,100000.0,0.0,-1.0e10,0.0,100000.0,1.0e10,0.8823529411781909,0.0,0.14694497349874558,0.0,0.0,0.0,0.0,35.22824440635277
73,Depth,143.2849356375951,100000.0,0.0,-1.0e10,0.0,100000.0,1.0e10,0.902777777986933,0.0,0.0013068479792818187,0.0,0.0,0.0,0.0,55.80558977607849
74,Depth,124.16924170919276,100000.0,0.0,-1.0e10,0.0,100000.0,1.0e10,0.8544303797352798,0.0,8.494735914623153e-6,0.0,0.0,0.0,0.0,23.072825872389732
75,Depth,125.9330998260134,100000.0,0.0,-1.0e10,0.0,100000.0,1.0e10,0.859375001053771,0.0,0.3212134960914347,0.0,0.0,0.0,0.0,37.18323792379069
76,Depth,102.48474907662353,100000.0,0.0,-1.0e10,0.0,100000.0,1.0e10,0.783582089556601,0.0,0.17972703991934932,0.0,0.0,0.0,0.0,69.37455294843025
77,Depth,101.58550958167496,100000.0,0.0,-1.0e10,0.0,100000.0,1.0e10,0.7649253731344037,0.0,0.5795270229298249,0.0,0.0,0.0,0.0,60.54184882359189
78,Depth,86.20405162603949,100000.0,0.0,-1.0e10,0.0,100000.0,1.0e10,0.3701480074877758,0.0,1.8590037311760026,0.0,0.0,0.0,0.0,0.33147527554769596
79,Depth,78.19165660095734,100000.0,0.0,-1.0e10,0.0,100000.0,1.0e10,0.12936668012162458,0.0,2.478651015984,0.0,0.0,0.0,0.0,0.053018780102137106
81,Depth,456.31412883372997,100000.0,0.0,-1.0e10,0.0,100000.0,1.0e10,0.38085689801073347,0.0,0.7411936786071823,0.0,0.0,0.0,0.0,-75.41353023263605
810,Depth,305.7734074410528,100000.0,0.0,-1.0e10,0.0,100000.0,1.0e10,0.6509461400689599,0.0,4.836578495796957e-16,0.0,0.0,0.0,0.0,-9.812959928708718
811,Depth,348.2186510742625,100000.0,0.0,-1.0e10,0.0,100000.0,1.0e10,0.5681818181512188,0.0,6.854913892974342e-14,0.0,0.0,0.0,0.0,-24.33670670328299
812,Depth,474.74495183067916,100000.0,0.0,-1.0e10,0.0,100000.0,1.0e10,0.3315977748253635,0.0,0.9752390470643922,0.0,0.0,0.0,0.0,-39.79201619478789
813,Depth,474.26576014495464,100000.0,0.0,-1.0e10,0.0,100000.0,1.0e10,0.34419084671277417,0.0,0.8141196694553131,0.0,0.0,0.0,0.0,-41.401190408951784
82,Depth,541.408299609825,100000.0,0.0,-1.0e10,0.0,100000.0,1.0e10,0.2263947697277057,0.0,1.762295885950139,0.0,0.0,0.0,0.0,-44.31455714681793
83,Depth,469.8204964554338,100000.0,0.0,-1.0e10,0.0,100000.0,1.0e10,0.21546821543211225,0.0,2.615937868847749,0.0,0.0,0.0,0.0,-34.04222331432823
84,Depth,417.97969833589195,100000.0,0.0,-1.0e10,0.0,100000.0,1.0e10,0.46033290717340064,0.0,3.1742981604696767e-75,0.0,0.0,0.0,0.0,-36.26668533264786
85,Depth,352.03801940102494,100000.0,0.0,-1.0e10,0.0,100000.0,1.0e10,0.5551579236276115,0.0,2.52314034809339e-81,0.0,0.0,0.0,0.0,-77.14454266009025
86,Depth,477.2778252222955,100000.0,0.0,-1.0e10,0.0,100000.0,1.0e10,0.32635126794451336,0.0,1.5512368579949234,0.0,0.0,0.0,0.0,-42.30834878009828
87,Depth,555.4907053397818,100000.0,0.0,-1.0e10,0.0,100000.0,1.0e10,0.27621688699023444,0.0,1.2675489426540438,0.0,0.0,0.0,0.0,-40.840260030425945
88,Depth,363.25964373683246,100000.0,0.0,-1.0e10,0.0,100000.0,1.0e10,0.5434782608050626,0.0,4.608577220622514e-16,0.0,0.0,0.0,0.0,-24.285657405133115
89,Depth,287.40507038963256,100000.0,0.0,-1.0e10,0.0,100000.0,1.0e10,0.6944444321370945,0.0,7.738245253075342e-17,0.0,0.0,0.0,0.0,-18.630992495547666
